{
  "name": "Abril Fatface",
  "designer": "TypeTogether",
  "license": "OFL",
  "visibility": "External",
  "category": "Display",
  "size": 29201,
  "fonts": [
    {
      "name": "Abril Fatface",
      "style": "normal",
      "weight": 400,
      "filename": "AbrilFatface-Regular.ttf",
      "postScriptName": "AbrilFatface-Regular",
      "fullName": "Abril Fatface",
      "copyright": "Copyright (c) 2011, Copyright (c) 2011, TypeTogether (www.type-together.com info@type-together.com), with Reserved Font Names \"Abril\" and \"Abril Fatface\""
    }
  ],
  "subsets": [
    "latin",
    "latin-ext",
    "menu"
  ],
  "dateAdded": "2011-08-31"
}
